<metadata xml:lang="pl"><Esri><CreaDate>20170105</CreaDate><CreaTime>14183100</CreaTime><ArcGISFormat>1.0</ArcGISFormat><SyncOnce>FALSE</SyncOnce><DataProperties><lineage><Process ToolSource="c:\program files (x86)\arcgis\desktop10.4\ArcToolbox\Toolboxes\Data Management Tools.tbx\CalculateField" Date="20170105" Time="141831">CalculateField D:\DOKUMENTY\Portal\INSPIRE\PD_GRID\PD_GRID_CONF.gdb\PD_STAT_GRID_CELL code !code![0:8]+!code![8:] PYTHON_9.3 #</Process><Process ToolSource="c:\program files (x86)\arcgis\desktop10.4\ArcToolbox\Toolboxes\Data Management Tools.tbx\CalculateField" Date="20170105" Time="143330">CalculateField D:\DOKUMENTY\Portal\INSPIRE\PD_GRID\PD_GRID_CONF.gdb\PD_STAT_GRID_CELL code Mid( [code],1,8 )+"E"+Mid( [code],9,21 ) VB #</Process><Process ToolSource="c:\program files (x86)\arcgis\desktop10.4\ArcToolbox\Toolboxes\Data Management Tools.tbx\CalculateField" Date="20170105" Time="143622">CalculateField D:\DOKUMENTY\Portal\INSPIRE\PD_GRID\PD_GRID_CONF.gdb\PD_STAT_GRID_CELL CODE_2 "!code! +"0"" PYTHON_9.3 #</Process><Process ToolSource="c:\program files (x86)\arcgis\desktop10.4\ArcToolbox\Toolboxes\Conversion Tools.tbx\FeatureClassToFeatureClass" Date="20170105" Time="143956">FeatureClassToFeatureClass D:\DOKUMENTY\Portal\INSPIRE\PD_GRID\PD_GRID_CONF.gdb\PD_STAT_GRID_CELL D:\DOKUMENTY\Portal\INSPIRE\PD_GRID PD_STAT_GRID_CELL_2011.shp # "TOT "TOT" true true false 4 Long 0 0 ,First,#,D:\DOKUMENTY\Portal\INSPIRE\PD_GRID\PD_GRID_CONF.gdb\PD_STAT_GRID_CELL,TOT,-1,-1;TOT_0_14 "TOT_0_14" true true false 4 Long 0 0 ,First,#,D:\DOKUMENTY\Portal\INSPIRE\PD_GRID\PD_GRID_CONF.gdb\PD_STAT_GRID_CELL,TOT_0_14,-1,-1;TOT_15_64 "TOT_15_64" true true false 4 Long 0 0 ,First,#,D:\DOKUMENTY\Portal\INSPIRE\PD_GRID\PD_GRID_CONF.gdb\PD_STAT_GRID_CELL,TOT_15_64,-1,-1;TOT_65__ "TOT_65__" true true false 4 Long 0 0 ,First,#,D:\DOKUMENTY\Portal\INSPIRE\PD_GRID\PD_GRID_CONF.gdb\PD_STAT_GRID_CELL,TOT_65__,-1,-1;TOT_MALE "TOT_MALE" true true false 4 Long 0 0 ,First,#,D:\DOKUMENTY\Portal\INSPIRE\PD_GRID\PD_GRID_CONF.gdb\PD_STAT_GRID_CELL,TOT_MALE,-1,-1;TOT_FEM "TOT_FEM" true true false 4 Long 0 0 ,First,#,D:\DOKUMENTY\Portal\INSPIRE\PD_GRID\PD_GRID_CONF.gdb\PD_STAT_GRID_CELL,TOT_FEM,-1,-1;MALE_0_14 "MALE_0_14" true true false 4 Long 0 0 ,First,#,D:\DOKUMENTY\Portal\INSPIRE\PD_GRID\PD_GRID_CONF.gdb\PD_STAT_GRID_CELL,MALE_0_14,-1,-1;MALE_15_64 "MALE_15_64" true true false 4 Long 0 0 ,First,#,D:\DOKUMENTY\Portal\INSPIRE\PD_GRID\PD_GRID_CONF.gdb\PD_STAT_GRID_CELL,MALE_15_64,-1,-1;MALE_65__ "MALE_65__" true true false 4 Long 0 0 ,First,#,D:\DOKUMENTY\Portal\INSPIRE\PD_GRID\PD_GRID_CONF.gdb\PD_STAT_GRID_CELL,MALE_65__,-1,-1;FEM_0_14 "FEM_0_14" true true false 4 Long 0 0 ,First,#,D:\DOKUMENTY\Portal\INSPIRE\PD_GRID\PD_GRID_CONF.gdb\PD_STAT_GRID_CELL,FEM_0_14,-1,-1;FEM_15_64 "FEM_15_64" true true false 4 Long 0 0 ,First,#,D:\DOKUMENTY\Portal\INSPIRE\PD_GRID\PD_GRID_CONF.gdb\PD_STAT_GRID_CELL,FEM_15_64,-1,-1;FEM_65__ "FEM_65__" true true false 4 Long 0 0 ,First,#,D:\DOKUMENTY\Portal\INSPIRE\PD_GRID\PD_GRID_CONF.gdb\PD_STAT_GRID_CELL,FEM_65__,-1,-1;FEM_RATIO "FEM_RATIO" true true false 8 Double 0 0 ,First,#,D:\DOKUMENTY\Portal\INSPIRE\PD_GRID\PD_GRID_CONF.gdb\PD_STAT_GRID_CELL,FEM_RATIO,-1,-1;SHAPE_Leng "SHAPE_Leng" false true true 8 Double 0 0 ,First,#,D:\DOKUMENTY\Portal\INSPIRE\PD_GRID\PD_GRID_CONF.gdb\PD_STAT_GRID_CELL,SHAPE_Length,-1,-1;SHAPE_Area "SHAPE_Area" false true true 8 Double 0 0 ,First,#,D:\DOKUMENTY\Portal\INSPIRE\PD_GRID\PD_GRID_CONF.gdb\PD_STAT_GRID_CELL,SHAPE_Area,-1,-1;CODE "CODE" true true false 31 Text 0 0 ,First,#,D:\DOKUMENTY\Portal\INSPIRE\PD_GRID\PD_GRID_CONF.gdb\PD_STAT_GRID_CELL,CODE,-1,-1" #</Process></lineage><itemProps><itemName Sync="TRUE">PD_STAT_GRID_CELL_2011</itemName><imsContentType Sync="TRUE">002</imsContentType><itemSize Sync="TRUE">0.000</itemSize><itemLocation><linkage Sync="TRUE">file://\\WGUS5480\D$\DOKUMENTY\Portal\INSPIRE\PD_GRID\PD_STAT_GRID_CELL_2011.shp</linkage><protocol Sync="TRUE">Local Area Network</protocol></itemLocation></itemProps><coordRef><type Sync="TRUE">Projected</type><geogcsn Sync="TRUE">GCS_ETRS_1989</geogcsn><csUnits Sync="TRUE">Linear Unit: Meter (1.000000)</csUnits><projcsn Sync="TRUE">ETRS_1989_Poland_CS92</projcsn><peXml Sync="TRUE">&lt;ProjectedCoordinateSystem xsi:type='typens:ProjectedCoordinateSystem' xmlns:xsi='http://www.w3.org/2001/XMLSchema-instance' xmlns:xs='http://www.w3.org/2001/XMLSchema' xmlns:typens='http://www.esri.com/schemas/ArcGIS/10.4'&gt;&lt;WKT&gt;PROJCS[&amp;quot;ETRS_1989_Poland_CS92&amp;quot;,GEOGCS[&amp;quot;GCS_ETRS_1989&amp;quot;,DATUM[&amp;quot;D_ETRS_1989&amp;quot;,SPHEROID[&amp;quot;GRS_1980&amp;quot;,6378137.0,298.257222101]],PRIMEM[&amp;quot;Greenwich&amp;quot;,0.0],UNIT[&amp;quot;Degree&amp;quot;,0.0174532925199433]],PROJECTION[&amp;quot;Transverse_Mercator&amp;quot;],PARAMETER[&amp;quot;False_Easting&amp;quot;,500000.0],PARAMETER[&amp;quot;False_Northing&amp;quot;,-5300000.0],PARAMETER[&amp;quot;Central_Meridian&amp;quot;,19.0],PARAMETER[&amp;quot;Scale_Factor&amp;quot;,0.9993],PARAMETER[&amp;quot;Latitude_Of_Origin&amp;quot;,0.0],UNIT[&amp;quot;Meter&amp;quot;,1.0],AUTHORITY[&amp;quot;EPSG&amp;quot;,2180]]&lt;/WKT&gt;&lt;XOrigin&gt;-5119200&lt;/XOrigin&gt;&lt;YOrigin&gt;-15295100&lt;/YOrigin&gt;&lt;XYScale&gt;450580747.30322808&lt;/XYScale&gt;&lt;ZOrigin&gt;-100000&lt;/ZOrigin&gt;&lt;ZScale&gt;10000&lt;/ZScale&gt;&lt;MOrigin&gt;-100000&lt;/MOrigin&gt;&lt;MScale&gt;10000&lt;/MScale&gt;&lt;XYTolerance&gt;0.001&lt;/XYTolerance&gt;&lt;ZTolerance&gt;0.001&lt;/ZTolerance&gt;&lt;MTolerance&gt;0.001&lt;/MTolerance&gt;&lt;HighPrecision&gt;true&lt;/HighPrecision&gt;&lt;WKID&gt;2180&lt;/WKID&gt;&lt;LatestWKID&gt;2180&lt;/LatestWKID&gt;&lt;/ProjectedCoordinateSystem&gt;</peXml></coordRef></DataProperties><SyncDate>20170105</SyncDate><SyncTime>14382200</SyncTime><ModDate>20170105</ModDate><ModTime>14382200</ModTime></Esri><dataIdInfo><envirDesc Sync="TRUE"> Version 6.2 (Build 9200) ; Esri ArcGIS 10.4.1.5686</envirDesc><dataLang><languageCode value="pol" Sync="TRUE"></languageCode><countryCode value="POL" Sync="TRUE"></countryCode></dataLang><idCitation><resTitle Sync="TRUE">PD_STAT_GRID_CELL_2011</resTitle><presForm><PresFormCd value="005" Sync="TRUE"></PresFormCd></presForm></idCitation><spatRpType><SpatRepTypCd value="001" Sync="TRUE"></SpatRepTypCd></spatRpType></dataIdInfo><mdLang><languageCode value="pol" Sync="TRUE"></languageCode><countryCode value="POL" Sync="TRUE"></countryCode></mdLang><distInfo><distFormat><formatName Sync="TRUE">Shapefile</formatName></distFormat><distTranOps><transSize Sync="TRUE">0.000</transSize></distTranOps></distInfo><mdHrLv><ScopeCd value="005" Sync="TRUE"></ScopeCd></mdHrLv><mdHrLvName Sync="TRUE">dataset</mdHrLvName><refSysInfo><RefSystem><refSysID><identCode code="2180" Sync="TRUE"></identCode><idCodeSpace Sync="TRUE">EPSG</idCodeSpace><idVersion Sync="TRUE">6.12(9.0.0)</idVersion></refSysID></RefSystem></refSysInfo><spatRepInfo><VectSpatRep><geometObjs Name="PD_STAT_GRID_CELL_2011"><geoObjTyp><GeoObjTypCd value="002" Sync="TRUE"></GeoObjTypCd></geoObjTyp><geoObjCnt Sync="TRUE">0</geoObjCnt></geometObjs><topLvl><TopoLevCd value="001" Sync="TRUE"></TopoLevCd></topLvl></VectSpatRep></spatRepInfo><spdoinfo><ptvctinf><esriterm Name="PD_STAT_GRID_CELL_2011"><efeatyp Sync="TRUE">Simple</efeatyp><efeageom code="4" Sync="TRUE"></efeageom><esritopo Sync="TRUE">FALSE</esritopo><efeacnt Sync="TRUE">0</efeacnt><spindex Sync="TRUE">FALSE</spindex><linrefer Sync="TRUE">FALSE</linrefer></esriterm></ptvctinf></spdoinfo><eainfo><detailed Name="PD_STAT_GRID_CELL_2011"><enttyp><enttypl Sync="TRUE">PD_STAT_GRID_CELL_2011</enttypl><enttypt Sync="TRUE">Feature Class</enttypt><enttypc Sync="TRUE">0</enttypc></enttyp><attr><attrlabl Sync="TRUE">FID</attrlabl><attalias Sync="TRUE">FID</attalias><attrtype Sync="TRUE">OID</attrtype><attwidth Sync="TRUE">4</attwidth><atprecis Sync="TRUE">0</atprecis><attscale Sync="TRUE">0</attscale><attrdef Sync="TRUE">Internal feature number.</attrdef><attrdefs Sync="TRUE">Esri</attrdefs><attrdomv><udom Sync="TRUE">Sequential unique whole numbers that are automatically generated.</udom></attrdomv></attr><attr><attrlabl Sync="TRUE">Shape</attrlabl><attalias Sync="TRUE">Shape</attalias><attrtype Sync="TRUE">Geometry</attrtype><attwidth Sync="TRUE">0</attwidth><atprecis Sync="TRUE">0</atprecis><attscale Sync="TRUE">0</attscale><attrdef Sync="TRUE">Feature geometry.</attrdef><attrdefs Sync="TRUE">Esri</attrdefs><attrdomv><udom Sync="TRUE">Coordinates defining the features.</udom></attrdomv></attr><attr><attrlabl Sync="TRUE">TOT</attrlabl><attalias Sync="TRUE">TOT</attalias><attrtype Sync="TRUE">Integer</attrtype><attwidth Sync="TRUE">10</attwidth><atprecis Sync="TRUE">10</atprecis><attscale Sync="TRUE">0</attscale></attr><attr><attrlabl Sync="TRUE">TOT_0_14</attrlabl><attalias Sync="TRUE">TOT_0_14</attalias><attrtype Sync="TRUE">Integer</attrtype><attwidth Sync="TRUE">10</attwidth><atprecis Sync="TRUE">10</atprecis><attscale Sync="TRUE">0</attscale></attr><attr><attrlabl Sync="TRUE">TOT_15_64</attrlabl><attalias Sync="TRUE">TOT_15_64</attalias><attrtype Sync="TRUE">Integer</attrtype><attwidth Sync="TRUE">10</attwidth><atprecis Sync="TRUE">10</atprecis><attscale Sync="TRUE">0</attscale></attr><attr><attrlabl Sync="TRUE">TOT_65__</attrlabl><attalias Sync="TRUE">TOT_65__</attalias><attrtype Sync="TRUE">Integer</attrtype><attwidth Sync="TRUE">10</attwidth><atprecis Sync="TRUE">10</atprecis><attscale Sync="TRUE">0</attscale></attr><attr><attrlabl Sync="TRUE">TOT_MALE</attrlabl><attalias Sync="TRUE">TOT_MALE</attalias><attrtype Sync="TRUE">Integer</attrtype><attwidth Sync="TRUE">10</attwidth><atprecis Sync="TRUE">10</atprecis><attscale Sync="TRUE">0</attscale></attr><attr><attrlabl Sync="TRUE">TOT_FEM</attrlabl><attalias Sync="TRUE">TOT_FEM</attalias><attrtype Sync="TRUE">Integer</attrtype><attwidth Sync="TRUE">10</attwidth><atprecis Sync="TRUE">10</atprecis><attscale Sync="TRUE">0</attscale></attr><attr><attrlabl Sync="TRUE">MALE_0_14</attrlabl><attalias Sync="TRUE">MALE_0_14</attalias><attrtype Sync="TRUE">Integer</attrtype><attwidth Sync="TRUE">10</attwidth><atprecis Sync="TRUE">10</atprecis><attscale Sync="TRUE">0</attscale></attr><attr><attrlabl Sync="TRUE">MALE_15_64</attrlabl><attalias Sync="TRUE">MALE_15_64</attalias><attrtype Sync="TRUE">Integer</attrtype><attwidth Sync="TRUE">10</attwidth><atprecis Sync="TRUE">10</atprecis><attscale Sync="TRUE">0</attscale></attr><attr><attrlabl Sync="TRUE">MALE_65__</attrlabl><attalias Sync="TRUE">MALE_65__</attalias><attrtype Sync="TRUE">Integer</attrtype><attwidth Sync="TRUE">10</attwidth><atprecis Sync="TRUE">10</atprecis><attscale Sync="TRUE">0</attscale></attr><attr><attrlabl Sync="TRUE">FEM_0_14</attrlabl><attalias Sync="TRUE">FEM_0_14</attalias><attrtype Sync="TRUE">Integer</attrtype><attwidth Sync="TRUE">10</attwidth><atprecis Sync="TRUE">10</atprecis><attscale Sync="TRUE">0</attscale></attr><attr><attrlabl Sync="TRUE">FEM_15_64</attrlabl><attalias Sync="TRUE">FEM_15_64</attalias><attrtype Sync="TRUE">Integer</attrtype><attwidth Sync="TRUE">10</attwidth><atprecis Sync="TRUE">10</atprecis><attscale Sync="TRUE">0</attscale></attr><attr><attrlabl Sync="TRUE">FEM_65__</attrlabl><attalias Sync="TRUE">FEM_65__</attalias><attrtype Sync="TRUE">Integer</attrtype><attwidth Sync="TRUE">10</attwidth><atprecis Sync="TRUE">10</atprecis><attscale Sync="TRUE">0</attscale></attr><attr><attrlabl Sync="TRUE">FEM_RATIO</attrlabl><attalias Sync="TRUE">FEM_RATIO</attalias><attrtype Sync="TRUE">Double</attrtype><attwidth Sync="TRUE">19</attwidth><atprecis Sync="TRUE">0</atprecis><attscale Sync="TRUE">0</attscale></attr><attr><attrlabl Sync="TRUE">SHAPE_Leng</attrlabl><attalias Sync="TRUE">SHAPE_Leng</attalias><attrtype Sync="TRUE">Double</attrtype><attwidth Sync="TRUE">19</attwidth><atprecis Sync="TRUE">0</atprecis><attscale Sync="TRUE">0</attscale></attr><attr><attrlabl Sync="TRUE">SHAPE_Area</attrlabl><attalias Sync="TRUE">SHAPE_Area</attalias><attrtype Sync="TRUE">Double</attrtype><attwidth Sync="TRUE">19</attwidth><atprecis Sync="TRUE">0</atprecis><attscale Sync="TRUE">0</attscale><attrdef Sync="TRUE">Area of feature in internal units squared.</attrdef><attrdefs Sync="TRUE">Esri</attrdefs><attrdomv><udom Sync="TRUE">Positive real numbers that are automatically generated.</udom></attrdomv></attr><attr><attrlabl Sync="TRUE">CODE</attrlabl><attalias Sync="TRUE">CODE</attalias><attrtype Sync="TRUE">String</attrtype><attwidth Sync="TRUE">31</attwidth><atprecis Sync="TRUE">0</atprecis><attscale Sync="TRUE">0</attscale></attr></detailed></eainfo><mdDateSt Sync="TRUE">20170105</mdDateSt></metadata>
